 ,-180.0, -170.0, -160.0, -150.0, -140.0, -130.0, -120.0, -110.0, -100.0, -90.0, -80.0, -70.0, -60.0, -50.0, -40.0, -30.0, -20.0, -10.0, 0.0, 10.0, 20.0, 30.0, 40.0, 50.0, 60.0, 70.0, 80.0, 90.0, 100.0, 110.0, 120.0, 130.0, 140.0, 150.0, 160.0, 170.0
0.01, 6.5, 6.3, 6.4, 6.4, 6.4, 6.4, 6.5, 6.4, 6.3, 6.3, 6.3, 6.2, 6.2, 6.1, 6.2, 6.3, 6.4, 6.3, 6.4, 6.1, 6.3, 6.2, 6.2, 6.1, 6.2, 6.2, 6.2, 6.3, 6.3, 6.4, 6.4, 6.4, 6.4, 6.3, 6.3, 6.3
0.01, 7.0, 6.8, 6.8, 6.8, 6.8, 6.7, 6.8, 6.7, 6.5, 6.7, 6.6, 6.6, 6.6, 6.5, 6.6, 6.7, 6.9, 6.8, 6.9, 6.6, 6.7, 6.6, 6.5, 6.5, 6.6, 6.5, 6.5, 6.6, 6.5, 6.6, 6.8, 6.7, 6.7, 6.8, 6.8, 6.7
0.03, 7.3, 7.0, 7.1, 7.1, 7.0, 6.9, 6.9, 6.8, 6.7, 6.9, 6.8, 6.8, 6.9, 6.8, 6.9, 7.1, 7.1, 7.1, 7.3, 6.9, 7.1, 6.9, 6.8, 6.7, 6.8, 6.7, 6.7, 6.8, 6.6, 6.7, 6.9, 6.9, 6.9, 7.1, 7.1, 7.0
0.04, 7.4, 7.2, 7.3, 7.3, 7.2, 7.0, 7.0, 6.9, 6.8, 7.0, 6.9, 6.9, 7.1, 7.0, 7.1, 7.3, 7.4, 7.3, 7.5, 7.2, 7.3, 7.2, 7.1, 6.9, 7.0, 6.9, 6.8, 6.9, 6.7, 6.8, 7.0, 7.1, 7.1, 7.2, 7.3, 7.1
0.04, 7.5, 7.3, 7.4, 7.4, 7.2, 7.1, 7.1, 7.0, 6.8, 7.1, 7.0, 7.0, 7.2, 7.1, 7.2, 7.4, 7.6, 7.5, 7.7, 7.3, 7.5, 7.4, 7.2, 7.1, 7.1, 7.0, 6.9, 7.0, 6.7, 6.8, 7.0, 7.2, 7.3, 7.3, 7.3, 7.2
0.06, 7.6, 7.4, 7.4, 7.5, 7.3, 7.2, 7.1, 7.0, 6.8, 7.2, 7.1, 7.1, 7.3, 7.2, 7.3, 7.6, 7.7, 7.5, 7.7, 7.5, 7.6, 7.5, 7.3, 7.2, 7.2, 7.1, 7.0, 7.1, 6.7, 6.9, 7.1, 7.3, 7.4, 7.4, 7.4, 7.3
0.07, 7.6, 7.4, 7.5, 7.5, 7.4, 7.2, 7.2, 7.1, 6.9, 7.1, 7.1, 7.2, 7.3, 7.2, 7.3, 7.6, 7.8, 7.6, 7.8, 7.5, 7.6, 7.6, 7.4, 7.3, 7.3, 7.2, 7.1, 7.1, 6.8, 6.9, 7.2, 7.4, 7.5, 7.4, 7.4, 7.4
0.08, 7.7, 7.4, 7.5, 7.5, 7.4, 7.3, 7.3, 7.1, 6.9, 7.2, 7.2, 7.3, 7.3, 7.3, 7.4, 7.7, 7.8, 7.7, 7.8, 7.6, 7.7, 7.6, 7.5, 7.4, 7.4, 7.2, 7.1, 7.1, 6.8, 6.9, 7.2, 7.5, 7.5, 7.4, 7.4, 7.5
0.08, 7.7, 7.4, 7.5, 7.5, 7.5, 7.3, 7.3, 7.2, 7.0, 7.2, 7.2, 7.3, 7.4, 7.3, 7.5, 7.7, 7.8, 7.6, 7.8, 7.6, 7.7, 7.6, 7.5, 7.4, 7.4, 7.3, 7.2, 7.2, 6.8, 6.9, 7.2, 7.5, 7.5, 7.5, 7.4, 7.5
0.10, 7.7, 7.4, 7.5, 7.5, 7.5, 7.3, 7.3, 7.2, 7.0, 7.2, 7.2, 7.3, 7.4, 7.4, 7.5, 7.7, 7.8, 7.6, 7.9, 7.6, 7.7, 7.6, 7.5, 7.4, 7.4, 7.3, 7.2, 7.2, 6.9, 7.0, 7.2, 7.5, 7.5, 7.5, 7.4, 7.5
0.11, 7.7, 7.4, 7.4, 7.5, 7.5, 7.2, 7.3, 7.2, 7.0, 7.2, 7.2, 7.3, 7.4, 7.4, 7.5, 7.7, 7.9, 7.7, 7.9, 7.6, 7.8, 7.6, 7.5, 7.4, 7.4, 7.4, 7.3, 7.3, 6.9, 7.0, 7.2, 7.4, 7.5, 7.5, 7.4, 7.5
0.11, 7.6, 7.4, 7.4, 7.5, 7.5, 7.2, 7.3, 7.3, 7.0, 7.1, 7.3, 7.3, 7.4, 7.4, 7.5, 7.7, 7.8, 7.7, 7.9, 7.7, 7.8, 7.6, 7.5, 7.4, 7.5, 7.4, 7.3, 7.3, 6.9, 7.0, 7.2, 7.4, 7.5, 7.5, 7.4, 7.5
0.12, 7.6, 7.3, 7.4, 7.5, 7.5, 7.2, 7.4, 7.3, 7.0, 7.1, 7.2, 7.3, 7.4, 7.4, 7.6, 7.7, 7.8, 7.7, 7.9, 7.7, 7.8, 7.6, 7.5, 7.5, 7.4, 7.4, 7.3, 7.3, 6.9, 7.1, 7.3, 7.4, 7.5, 7.5, 7.4, 7.4
0.14, 7.6, 7.3, 7.3, 7.4, 7.4, 7.2, 7.3, 7.3, 7.1, 7.1, 7.2, 7.3, 7.4, 7.4, 7.6, 7.7, 7.8, 7.6, 7.9, 7.7, 7.8, 7.6, 7.5, 7.5, 7.4, 7.4, 7.3, 7.3, 7.0, 7.1, 7.2, 7.3, 7.5, 7.5, 7.4, 7.4
0.15, 7.6, 7.3, 7.3, 7.3, 7.3, 7.2, 7.4, 7.2, 7.0, 7.1, 7.2, 7.3, 7.4, 7.4, 7.6, 7.7, 7.8, 7.6, 7.9, 7.7, 7.8, 7.7, 7.5, 7.5, 7.4, 7.4, 7.3, 7.3, 7.0, 7.1, 7.2, 7.2, 7.5, 7.4, 7.4, 7.5
0.15, 7.5, 7.3, 7.3, 7.3, 7.3, 7.2, 7.3, 7.2, 7.0, 7.0, 7.2, 7.3, 7.4, 7.4, 7.6, 7.8, 7.8, 7.6, 7.9, 7.7, 7.8, 7.8, 7.5, 7.6, 7.5, 7.4, 7.3, 7.2, 7.0, 7.1, 7.2, 7.2, 7.5, 7.4, 7.4, 7.5
0.17, 7.5, 7.2, 7.3, 7.3, 7.2, 7.2, 7.3, 7.2, 7.0, 7.1, 7.2, 7.2, 7.4, 7.4, 7.6, 7.8, 7.8, 7.6, 7.9, 7.7, 7.8, 7.8, 7.5, 7.5, 7.5, 7.4, 7.3, 7.3, 7.0, 7.1, 7.2, 7.1, 7.5, 7.4, 7.4, 7.4
0.17, 7.5, 7.2, 7.3, 7.3, 7.2, 7.1, 7.3, 7.2, 7.0, 7.0, 7.2, 7.2, 7.4, 7.4, 7.6, 7.8, 7.8, 7.6, 7.9, 7.7, 7.8, 7.8, 7.6, 7.5, 7.5, 7.4, 7.3, 7.2, 7.0, 7.1, 7.2, 7.1, 7.4, 7.3, 7.4, 7.4
0.18, 7.5, 7.2, 7.3, 7.3, 7.1, 7.1, 7.3, 7.2, 7.0, 7.1, 7.2, 7.2, 7.4, 7.3, 7.6, 7.8, 7.7, 7.6, 7.9, 7.7, 7.8, 7.8, 7.6, 7.5, 7.5, 7.4, 7.3, 7.2, 7.0, 7.1, 7.2, 7.1, 7.3, 7.3, 7.4, 7.4
0.20, 7.5, 7.2, 7.3, 7.3, 7.1, 7.1, 7.3, 7.2, 7.0, 7.0, 7.1, 7.2, 7.3, 7.3, 7.6, 7.8, 7.7, 7.5, 7.9, 7.7, 7.9, 7.8, 7.6, 7.5, 7.5, 7.4, 7.3, 7.2, 7.0, 7.1, 7.2, 7.0, 7.2, 7.3, 7.3, 7.4
0.21, 7.5, 7.2, 7.3, 7.2, 7.1, 7.1, 7.2, 7.2, 7.0, 7.0, 7.1, 7.2, 7.3, 7.2, 7.5, 7.8, 7.7, 7.5, 7.9, 7.7, 7.9, 7.8, 7.6, 7.5, 7.5, 7.4, 7.3, 7.2, 7.0, 7.1, 7.2, 7.0, 7.2, 7.3, 7.3, 7.4
0.21, 7.5, 7.2, 7.3, 7.2, 7.1, 7.0, 7.2, 7.1, 7.0, 7.0, 7.1, 7.2, 7.3, 7.2, 7.4, 7.8, 7.6, 7.5, 7.8, 7.7, 7.9, 7.8, 7.6, 7.5, 7.5, 7.4, 7.3, 7.1, 7.0, 7.0, 7.2, 7.0, 7.2, 7.3, 7.3, 7.4
0.23, 7.5, 7.2, 7.3, 7.2, 7.1, 7.0, 7.2, 7.1, 6.9, 6.9, 7.0, 7.2, 7.2, 7.2, 7.4, 7.8, 7.6, 7.5, 7.8, 7.7, 7.9, 7.8, 7.6, 7.5, 7.5, 7.4, 7.3, 7.1, 7.0, 7.0, 7.1, 7.0, 7.1, 7.3, 7.4, 7.4
0.23, 7.5, 7.2, 7.3, 7.3, 7.1, 7.0, 7.1, 7.1, 6.9, 6.9, 7.0, 7.2, 7.2, 7.2, 7.4, 7.7, 7.6, 7.5, 7.8, 7.6, 7.8, 7.8, 7.6, 7.5, 7.5, 7.4, 7.3, 7.1, 7.0, 7.0, 7.1, 6.9, 7.1, 7.3, 7.3, 7.4
0.24, 7.5, 7.2, 7.3, 7.3, 7.1, 7.0, 7.1, 7.0, 6.9, 6.8, 7.0, 7.1, 7.2, 7.2, 7.4, 7.7, 7.6, 7.5, 7.8, 7.6, 7.8, 7.8, 7.5, 7.4, 7.4, 7.4, 7.2, 7.1, 6.9, 7.0, 7.1, 6.9, 7.0, 7.3, 7.3, 7.4
0.26, 7.4, 7.2, 7.3, 7.3, 7.1, 7.0, 7.1, 7.0, 6.9, 6.8, 7.0, 7.1, 7.1, 7.2, 7.3, 7.6, 7.6, 7.4, 7.8, 7.6, 7.7, 7.8, 7.5, 7.4, 7.4, 7.4, 7.2, 7.0, 6.9, 7.0, 7.0, 6.9, 7.0, 7.3, 7.3, 7.3
0.27, 7.4, 7.2, 7.3, 7.3, 7.1, 7.0, 7.0, 6.9, 6.9, 6.8, 7.0, 7.1, 7.1, 7.1, 7.3, 7.6, 7.6, 7.5, 7.8, 7.6, 7.7, 7.7, 7.5, 7.4, 7.3, 7.3, 7.2, 7.0, 6.9, 6.9, 7.0, 6.8, 7.0, 7.3, 7.3, 7.3
0.28, 7.4, 7.2, 7.2, 7.2, 7.0, 7.0, 7.0, 6.9, 6.8, 6.8, 7.0, 7.1, 7.1, 7.1, 7.3, 7.6, 7.5, 7.5, 7.8, 7.6, 7.7, 7.7, 7.5, 7.4, 7.3, 7.3, 7.2, 6.9, 6.9, 6.9, 7.0, 6.8, 6.9, 7.2, 7.3, 7.3
0.29, 7.4, 7.2, 7.2, 7.2, 7.0, 7.0, 7.0, 6.9, 6.8, 6.8, 7.0, 7.1, 7.1, 7.1, 7.2, 7.6, 7.5, 7.5, 7.8, 7.5, 7.7, 7.6, 7.5, 7.4, 7.3, 7.2, 7.2, 6.9, 6.9, 6.9, 6.9, 6.8, 6.9, 7.2, 7.3, 7.3
0.29, 7.4, 7.1, 7.2, 7.1, 7.0, 6.9, 7.0, 6.9, 6.8, 6.8, 7.0, 7.1, 7.1, 7.1, 7.2, 7.6, 7.5, 7.5, 7.7, 7.5, 7.7, 7.6, 7.5, 7.4, 7.3, 7.2, 7.2, 6.9, 6.8, 6.9, 6.9, 6.8, 6.9, 7.1, 7.3, 7.3
0.30, 7.3, 7.1, 7.2, 7.1, 7.0, 6.9, 7.0, 6.9, 6.8, 6.8, 7.0, 7.1, 7.1, 7.1, 7.2, 7.5, 7.5, 7.4, 7.7, 7.4, 7.6, 7.5, 7.4, 7.4, 7.3, 7.2, 7.1, 6.9, 6.8, 6.8, 6.8, 6.8, 6.9, 7.1, 7.3, 7.3
0.32, 7.3, 7.1, 7.2, 7.1, 6.9, 6.8, 7.0, 6.9, 6.7, 6.8, 7.0, 7.1, 7.0, 7.1, 7.2, 7.5, 7.5, 7.4, 7.7, 7.4, 7.6, 7.5, 7.3, 7.3, 7.3, 7.2, 7.1, 6.9, 6.8, 6.8, 6.8, 6.7, 6.8, 7.1, 7.3, 7.3
0.33, 7.3, 7.1, 7.1, 7.1, 6.9, 6.8, 7.0, 6.9, 6.7, 6.8, 7.0, 7.1, 7.0, 7.1, 7.2, 7.5, 7.5, 7.3, 7.7, 7.3, 7.6, 7.5, 7.3, 7.3, 7.3, 7.2, 7.1, 6.9, 6.8, 6.8, 6.8, 6.7, 6.8, 7.1, 7.3, 7.2
0.34, 7.3, 7.1, 7.1, 7.1, 6.8, 6.8, 6.9, 6.8, 6.7, 6.8, 7.0, 7.1, 7.0, 7.0, 7.2, 7.5, 7.5, 7.3, 7.6, 7.3, 7.6, 7.4, 7.3, 7.3, 7.2, 7.1, 7.0, 6.9, 6.8, 6.8, 6.8, 6.7, 6.8, 7.2, 7.3, 7.2
0.34, 7.3, 7.1, 7.0, 7.0, 6.8, 6.8, 6.9, 6.8, 6.7, 6.8, 6.9, 7.1, 7.0, 7.0, 7.2, 7.4, 7.5, 7.4, 7.6, 7.3, 7.5, 7.4, 7.2, 7.2, 7.2, 7.1, 7.0, 6.9, 6.8, 6.7, 6.8, 6.7, 6.8, 7.1, 7.2, 7.2
0.35, 7.2, 7.0, 7.0, 7.0, 6.8, 6.7, 6.9, 6.8, 6.7, 6.8, 6.9, 7.1, 7.0, 7.1, 7.2, 7.4, 7.4, 7.4, 7.6, 7.3, 7.5, 7.4, 7.2, 7.2, 7.2, 7.1, 7.0, 6.9, 6.8, 6.8, 6.8, 6.7, 6.8, 7.1, 7.2, 7.2
0.36, 7.2, 7.0, 7.0, 6.9, 6.8, 6.7, 6.9, 6.8, 6.7, 6.7, 6.9, 7.1, 7.0, 7.1, 7.2, 7.4, 7.4, 7.4, 7.6, 7.3, 7.4, 7.4, 7.2, 7.2, 7.2, 7.1, 7.0, 6.9, 6.7, 6.8, 6.8, 6.6, 6.8, 7.1, 7.2, 7.2
0.38, 7.2, 7.0, 7.0, 6.9, 6.8, 6.7, 6.9, 6.8, 6.7, 6.7, 6.9, 7.1, 7.0, 7.0, 7.2, 7.4, 7.3, 7.4, 7.6, 7.3, 7.4, 7.4, 7.2, 7.2, 7.2, 7.1, 6.9, 6.9, 6.7, 6.8, 6.8, 6.6, 6.8, 7.1, 7.2, 7.2
0.39, 7.2, 7.0, 7.0, 6.8, 6.7, 6.7, 6.9, 6.8, 6.7, 6.7, 6.9, 7.1, 7.0, 7.0, 7.2, 7.4, 7.3, 7.4, 7.5, 7.3, 7.4, 7.4, 7.2, 7.2, 7.1, 7.1, 6.9, 6.8, 6.6, 6.8, 6.8, 6.6, 6.8, 7.1, 7.2, 7.2
0.40, 7.3, 7.0, 7.0, 6.8, 6.7, 6.7, 6.9, 6.8, 6.7, 6.7, 6.9, 7.0, 7.0, 7.1, 7.2, 7.4, 7.3, 7.4, 7.5, 7.3, 7.4, 7.4, 7.2, 7.2, 7.1, 7.1, 6.9, 6.8, 6.6, 6.8, 6.8, 6.6, 6.8, 7.1, 7.2, 7.2
0.41, 7.3, 7.0, 7.0, 6.8, 6.7, 6.7, 6.9, 6.7, 6.7, 6.7, 6.9, 7.0, 7.0, 7.0, 7.2, 7.4, 7.3, 7.4, 7.5, 7.3, 7.4, 7.4, 7.2, 7.2, 7.1, 7.1, 6.9, 6.7, 6.6, 6.7, 6.7, 6.6, 6.8, 7.1, 7.2, 7.2
0.41, 7.3, 7.0, 7.0, 6.7, 6.7, 6.7, 6.9, 6.7, 6.6, 6.7, 6.9, 7.0, 7.0, 7.0, 7.2, 7.4, 7.3, 7.4, 7.5, 7.3, 7.4, 7.3, 7.2, 7.2, 7.1, 7.1, 6.9, 6.7, 6.7, 6.7, 6.7, 6.6, 6.8, 7.1, 7.2, 7.2
0.42, 7.3, 7.0, 7.0, 6.7, 6.7, 6.7, 6.8, 6.7, 6.6, 6.6, 6.9, 7.0, 7.0, 7.0, 7.2, 7.3, 7.3, 7.4, 7.5, 7.3, 7.4, 7.3, 7.2, 7.1, 7.1, 7.1, 6.9, 6.7, 6.6, 6.7, 6.7, 6.6, 6.8, 7.1, 7.2, 7.2
0.43, 7.3, 7.0, 7.0, 6.7, 6.7, 6.7, 6.8, 6.6, 6.6, 6.6, 6.9, 7.0, 7.0, 7.0, 7.2, 7.3, 7.3, 7.4, 7.5, 7.2, 7.3, 7.3, 7.3, 7.1, 7.1, 7.1, 6.9, 6.7, 6.6, 6.7, 6.7, 6.6, 6.8, 7.1, 7.1, 7.2
0.45, 7.2, 7.0, 7.0, 6.7, 6.7, 6.6, 6.8, 6.7, 6.5, 6.6, 6.9, 7.0, 7.0, 7.0, 7.1, 7.3, 7.3, 7.4, 7.5, 7.2, 7.3, 7.3, 7.3, 7.1, 7.1, 7.1, 6.9, 6.7, 6.6, 6.7, 6.7, 6.7, 6.8, 7.1, 7.1, 7.2
0.46, 7.2, 7.0, 7.0, 6.7, 6.7, 6.6, 6.8, 6.7, 6.5, 6.6, 6.8, 7.0, 6.9, 7.0, 7.2, 7.3, 7.3, 7.3, 7.5, 7.2, 7.3, 7.3, 7.3, 7.1, 7.1, 7.1, 6.9, 6.7, 6.6, 6.7, 6.7, 6.7, 6.8, 7.0, 7.1, 7.2
0.46, 7.2, 7.0, 7.0, 6.7, 6.7, 6.6, 6.8, 6.7, 6.5, 6.6, 6.8, 7.0, 6.9, 7.0, 7.2, 7.3, 7.2, 7.3, 7.4, 7.3, 7.3, 7.3, 7.3, 7.0, 7.1, 7.1, 6.9, 6.7, 6.6, 6.7, 6.7, 6.7, 6.8, 7.0, 7.1, 7.1
0.47, 7.2, 7.0, 6.9, 6.7, 6.7, 6.6, 6.8, 6.7, 6.5, 6.7, 6.8, 7.0, 6.9, 7.0, 7.1, 7.3, 7.2, 7.3, 7.4, 7.3, 7.3, 7.3, 7.3, 7.1, 7.1, 7.1, 6.9, 6.7, 6.6, 6.7, 6.7, 6.6, 6.8, 7.0, 7.1, 7.1
0.48, 7.2, 7.0, 6.9, 6.7, 6.7, 6.6, 6.8, 6.7, 6.5, 6.7, 6.8, 6.9, 6.9, 7.0, 7.1, 7.3, 7.2, 7.3, 7.4, 7.3, 7.3, 7.4, 7.3, 7.1, 7.1, 7.0, 6.9, 6.7, 6.6, 6.7, 6.7, 6.6, 6.8, 7.0, 7.1, 7.1
0.49, 7.2, 7.1, 7.0, 6.7, 6.7, 6.6, 6.8, 6.7, 6.5, 6.7, 6.7, 6.9, 6.9, 7.0, 7.1, 7.3, 7.2, 7.3, 7.4, 7.3, 7.3, 7.4, 7.3, 7.1, 7.2, 7.0, 6.9, 6.7, 6.5, 6.7, 6.7, 6.6, 6.8, 7.0, 7.1, 7.1
0.51, 7.2, 7.1, 7.0, 6.7, 6.7, 6.6, 6.8, 6.7, 6.5, 6.7, 6.7, 6.9, 6.9, 6.9, 7.1, 7.2, 7.3, 7.3, 7.4, 7.3, 7.3, 7.3, 7.3, 7.1, 7.1, 7.0, 6.9, 6.7, 6.5, 6.7, 6.7, 6.6, 6.8, 7.0, 7.1, 7.1
0.52, 7.2, 7.1, 7.1, 6.7, 6.6, 6.6, 6.7, 6.7, 6.5, 6.7, 6.7, 6.9, 6.9, 6.9, 7.1, 7.2, 7.3, 7.3, 7.5, 7.3, 7.3, 7.3, 7.2, 7.1, 7.1, 7.0, 6.9, 6.7, 6.5, 6.7, 6.7, 6.6, 6.8, 7.0, 7.1, 7.0
0.53, 7.2, 7.1, 7.1, 6.7, 6.6, 6.6, 6.7, 6.7, 6.6, 6.7, 6.7, 6.9, 6.9, 6.9, 7.1, 7.2, 7.2, 7.3, 7.5, 7.3, 7.3, 7.3, 7.2, 7.2, 7.1, 7.0, 6.9, 6.7, 6.5, 6.7, 6.7, 6.6, 6.8, 7.1, 7.1, 7.0
0.54, 7.2, 7.1, 7.1, 6.7, 6.6, 6.6, 6.7, 6.7, 6.6, 6.7, 6.7, 6.9, 6.9, 6.9, 7.1, 7.2, 7.2, 7.3, 7.5, 7.3, 7.3, 7.3, 7.3, 7.1, 7.1, 7.0, 6.9, 6.7, 6.5, 6.7, 6.7, 6.6, 6.7, 7.1, 7.1, 7.0
0.55, 7.1, 7.0, 7.1, 6.7, 6.6, 6.5, 6.7, 6.7, 6.6, 6.7, 6.7, 6.9, 6.9, 6.9, 7.1, 7.2, 7.2, 7.3, 7.5, 7.2, 7.3, 7.3, 7.2, 7.2, 7.1, 7.0, 6.9, 6.7, 6.5, 6.7, 6.7, 6.6, 6.7, 7.0, 7.1, 7.0
0.56, 7.2, 7.0, 7.0, 6.7, 6.6, 6.6, 6.7, 6.7, 6.6, 6.7, 6.6, 6.9, 6.9, 6.9, 7.1, 7.2, 7.2, 7.3, 7.4, 7.2, 7.3, 7.3, 7.2, 7.1, 7.1, 7.0, 6.9, 6.7, 6.5, 6.7, 6.7, 6.6, 6.7, 7.0, 7.1, 7.0
0.56, 7.2, 7.0, 7.0, 6.7, 6.6, 6.6, 6.7, 6.6, 6.5, 6.7, 6.6, 6.8, 6.9, 6.9, 7.1, 7.2, 7.2, 7.3, 7.5, 7.2, 7.3, 7.3, 7.2, 7.1, 7.1, 7.0, 6.8, 6.7, 6.5, 6.6, 6.7, 6.6, 6.7, 7.0, 7.1, 7.1
0.57, 7.2, 7.0, 7.0, 6.7, 6.6, 6.6, 6.7, 6.7, 6.5, 6.7, 6.7, 6.8, 6.9, 6.9, 7.0, 7.1, 7.2, 7.3, 7.4, 7.2, 7.3, 7.3, 7.2, 7.0, 7.0, 7.0, 6.8, 6.7, 6.5, 6.6, 6.7, 6.7, 6.7, 7.0, 7.1, 7.1
0.58, 7.2, 7.0, 6.9, 6.7, 6.6, 6.6, 6.7, 6.7, 6.5, 6.7, 6.7, 6.8, 6.9, 6.9, 7.0, 7.1, 7.2, 7.3, 7.4, 7.2, 7.3, 7.3, 7.2, 7.0, 7.0, 7.0, 6.8, 6.7, 6.5, 6.6, 6.7, 6.7, 6.7, 7.0, 7.1, 7.1
0.59, 7.2, 7.0, 6.9, 6.8, 6.6, 6.6, 6.7, 6.6, 6.5, 6.7, 6.7, 6.8, 6.9, 6.9, 7.0, 7.1, 7.2, 7.2, 7.5, 7.2, 7.3, 7.3, 7.2, 7.0, 7.0, 7.0, 6.8, 6.7, 6.5, 6.6, 6.7, 6.7, 6.7, 7.0, 7.1, 7.1
0.60, 7.2, 7.0, 6.9, 6.7, 6.6, 6.6, 6.7, 6.6, 6.5, 6.7, 6.7, 6.8, 7.0, 6.9, 7.0, 7.1, 7.1, 7.2, 7.5, 7.2, 7.3, 7.3, 7.3, 6.9, 7.0, 7.0, 6.8, 6.7, 6.5, 6.6, 6.7, 6.7, 6.7, 6.9, 7.0, 7.1
0.61, 7.2, 7.0, 6.9, 6.8, 6.6, 6.6, 6.7, 6.7, 6.5, 6.7, 6.7, 6.8, 7.0, 6.9, 7.0, 7.1, 7.2, 7.2, 7.4, 7.2, 7.3, 7.3, 7.2, 6.9, 7.0, 7.0, 6.8, 6.7, 6.5, 6.6, 6.7, 6.7, 6.7, 6.8, 7.0, 7.1
0.62, 7.2, 7.0, 6.9, 6.8, 6.6, 6.6, 6.7, 6.6, 6.5, 6.7, 6.7, 6.8, 7.0, 6.9, 7.0, 7.1, 7.2, 7.2, 7.4, 7.2, 7.3, 7.3, 7.2, 6.9, 7.0, 7.0, 6.8, 6.7, 6.5, 6.6, 6.7, 6.7, 6.7, 6.8, 7.0, 7.1
0.64, 7.3, 7.0, 6.9, 6.8, 6.7, 6.6, 6.7, 6.6, 6.6, 6.7, 6.7, 6.8, 7.0, 7.0, 7.0, 7.1, 7.2, 7.2, 7.4, 7.2, 7.3, 7.4, 7.2, 7.0, 7.0, 7.0, 6.8, 6.8, 6.6, 6.6, 6.7, 6.6, 6.7, 6.8, 7.0, 7.1
0.65, 7.2, 7.0, 6.9, 6.8, 6.7, 6.6, 6.7, 6.6, 6.6, 6.7, 6.8, 6.9, 7.0, 7.0, 7.0, 7.1, 7.2, 7.2, 7.4, 7.2, 7.3, 7.4, 7.2, 7.0, 7.0, 7.0, 6.8, 6.8, 6.6, 6.7, 6.8, 6.7, 6.7, 6.8, 7.0, 7.1
0.66, 7.2, 7.0, 7.0, 6.8, 6.7, 6.6, 6.7, 6.6, 6.6, 6.7, 6.7, 6.9, 7.0, 7.0, 7.0, 7.1, 7.2, 7.1, 7.4, 7.3, 7.3, 7.4, 7.2, 7.0, 7.0, 7.0, 6.8, 6.7, 6.5, 6.7, 6.8, 6.7, 6.7, 6.8, 7.0, 7.0
0.67, 7.2, 7.1, 7.0, 6.8, 6.7, 6.6, 6.7, 6.6, 6.6, 6.7, 6.7, 6.9, 7.1, 7.0, 7.0, 7.1, 7.2, 7.1, 7.4, 7.3, 7.3, 7.3, 7.2, 7.0, 7.0, 7.0, 6.8, 6.7, 6.5, 6.7, 6.8, 6.7, 6.7, 6.8, 6.9, 7.0
0.68, 7.2, 7.1, 7.0, 6.8, 6.7, 6.6, 6.7, 6.6, 6.6, 6.8, 6.7, 7.0, 7.1, 7.0, 7.0, 7.1, 7.3, 7.1, 7.4, 7.2, 7.3, 7.3, 7.1, 7.1, 7.0, 7.0, 6.8, 6.7, 6.5, 6.7, 6.8, 6.7, 6.7, 6.8, 6.9, 7.0
0.69, 7.2, 7.0, 7.0, 6.8, 6.7, 6.6, 6.7, 6.6, 6.6, 6.7, 6.7, 7.0, 7.1, 7.1, 7.0, 7.1, 7.2, 7.1, 7.3, 7.2, 7.3, 7.3, 7.1, 7.1, 7.0, 7.0, 6.8, 6.7, 6.6, 6.7, 6.9, 6.7, 6.7, 6.8, 6.9, 7.0
0.69, 7.2, 7.0, 7.0, 6.8, 6.7, 6.6, 6.7, 6.6, 6.6, 6.7, 6.8, 7.0, 7.1, 7.1, 7.0, 7.1, 7.2, 7.1, 7.3, 7.2, 7.3, 7.3, 7.1, 7.1, 7.0, 7.0, 6.8, 6.7, 6.6, 6.7, 6.9, 6.7, 6.7, 6.8, 6.9, 7.0
0.70, 7.2, 7.0, 7.0, 6.8, 6.7, 6.6, 6.7, 6.6, 6.6, 6.8, 6.8, 7.0, 7.2, 7.1, 7.0, 7.1, 7.2, 7.1, 7.4, 7.2, 7.3, 7.2, 7.1, 7.1, 7.0, 7.0, 6.8, 6.7, 6.6, 6.7, 6.9, 6.7, 6.7, 6.8, 6.9, 7.0
0.71, 7.2, 7.0, 7.0, 6.8, 6.7, 6.6, 6.7, 6.7, 6.6, 6.8, 6.8, 7.0, 7.2, 7.1, 7.0, 7.1, 7.2, 7.1, 7.3, 7.2, 7.3, 7.2, 7.1, 7.0, 7.0, 7.0, 6.8, 6.8, 6.6, 6.7, 6.8, 6.7, 6.7, 6.8, 6.9, 7.0
0.72, 7.2, 7.0, 7.0, 6.8, 6.7, 6.6, 6.7, 6.7, 6.5, 6.9, 6.8, 7.0, 7.2, 7.1, 7.1, 7.2, 7.2, 7.1, 7.3, 7.2, 7.3, 7.2, 7.1, 7.0, 7.0, 7.0, 6.8, 6.8, 6.6, 6.7, 6.9, 6.7, 6.7, 6.8, 6.9, 7.0
0.73, 7.2, 7.0, 7.0, 6.9, 6.7, 6.6, 6.8, 6.7, 6.5, 6.9, 6.8, 7.0, 7.2, 7.2, 7.1, 7.2, 7.1, 7.1, 7.3, 7.2, 7.3, 7.2, 7.1, 7.0, 7.0, 7.0, 6.9, 6.8, 6.6, 6.7, 6.9, 6.7, 6.7, 6.9, 6.9, 7.1
0.74, 7.2, 6.9, 7.0, 6.9, 6.7, 6.6, 6.8, 6.7, 6.6, 6.9, 6.8, 7.0, 7.2, 7.2, 7.1, 7.2, 7.1, 7.1, 7.4, 7.2, 7.3, 7.2, 7.2, 7.0, 7.0, 7.0, 6.9, 6.8, 6.6, 6.7, 6.9, 6.7, 6.8, 6.9, 7.0, 7.1
0.76, 7.2, 6.9, 7.0, 6.9, 6.7, 6.6, 6.8, 6.7, 6.6, 7.0, 6.8, 7.0, 7.2, 7.2, 7.1, 7.2, 7.1, 7.1, 7.4, 7.2, 7.4, 7.2, 7.2, 7.0, 7.0, 7.0, 6.9, 6.8, 6.6, 6.7, 6.9, 6.7, 6.7, 6.9, 7.0, 7.1
0.77, 7.2, 7.0, 7.0, 6.9, 6.7, 6.7, 6.8, 6.7, 6.7, 7.0, 6.9, 7.0, 7.2, 7.2, 7.0, 7.2, 7.1, 7.1, 7.4, 7.2, 7.3, 7.3, 7.2, 7.0, 7.0, 7.0, 6.9, 6.8, 6.6, 6.7, 6.9, 6.8, 6.7, 7.0, 7.1, 7.1
0.78, 7.2, 7.0, 7.0, 6.9, 6.7, 6.6, 6.8, 6.7, 6.7, 7.0, 6.9, 7.1, 7.2, 7.1, 7.0, 7.1, 7.1, 7.1, 7.4, 7.2, 7.3, 7.3, 7.1, 7.0, 7.0, 7.0, 7.0, 6.8, 6.6, 6.7, 6.9, 6.8, 6.7, 7.0, 7.1, 7.1
0.79, 7.3, 6.9, 7.1, 6.9, 6.7, 6.6, 6.8, 6.7, 6.7, 7.0, 7.0, 7.1, 7.2, 7.1, 7.0, 7.1, 7.1, 7.1, 7.4, 7.2, 7.2, 7.3, 7.2, 7.0, 7.0, 7.0, 7.0, 6.8, 6.6, 6.7, 6.9, 6.8, 6.7, 7.0, 7.1, 7.1
0.80, 7.3, 6.9, 7.1, 6.9, 6.7, 6.6, 6.8, 6.8, 6.7, 7.0, 6.9, 7.1, 7.2, 7.1, 7.1, 7.1, 7.1, 7.1, 7.4, 7.2, 7.3, 7.3, 7.1, 7.0, 7.1, 7.0, 7.0, 6.9, 6.6, 6.8, 6.9, 6.8, 6.7, 7.0, 7.1, 7.1
0.81, 7.3, 6.9, 7.0, 6.9, 6.7, 6.6, 6.8, 6.8, 6.7, 7.0, 6.9, 7.1, 7.2, 7.1, 7.0, 7.1, 7.2, 7.1, 7.4, 7.2, 7.3, 7.3, 7.1, 7.0, 7.1, 7.0, 7.0, 6.9, 6.6, 6.8, 6.9, 6.8, 6.8, 7.0, 7.1, 7.2
0.81, 7.3, 6.9, 7.1, 6.9, 6.7, 6.6, 6.8, 6.8, 6.6, 7.0, 6.9, 7.2, 7.2, 7.1, 7.0, 7.1, 7.2, 7.1, 7.4, 7.2, 7.3, 7.2, 7.1, 7.0, 7.1, 7.0, 6.9, 6.9, 6.6, 6.8, 7.0, 6.8, 6.7, 7.0, 7.1, 7.2
0.82, 7.3, 6.9, 7.1, 6.9, 6.7, 6.6, 6.8, 6.8, 6.6, 7.0, 6.9, 7.2, 7.2, 7.0, 6.9, 7.1, 7.2, 7.0, 7.3, 7.2, 7.3, 7.2, 7.1, 7.0, 7.1, 7.0, 6.9, 6.9, 6.6, 6.8, 7.0, 6.8, 6.7, 7.0, 7.1, 7.2
0.83, 7.2, 6.8, 7.1, 7.0, 6.7, 6.6, 6.8, 6.8, 6.6, 7.1, 6.9, 7.2, 7.2, 7.0, 7.0, 7.1, 7.2, 7.0, 7.3, 7.2, 7.3, 7.2, 7.2, 7.1, 7.1, 7.0, 6.9, 6.9, 6.6, 6.8, 7.0, 6.8, 6.7, 7.0, 7.1, 7.1
0.84, 7.2, 6.8, 7.1, 7.0, 6.7, 6.7, 6.8, 6.8, 6.7, 7.1, 6.9, 7.2, 7.2, 7.0, 7.0, 7.1, 7.1, 6.9, 7.3, 7.2, 7.3, 7.2, 7.2, 7.1, 7.1, 7.1, 6.9, 6.9, 6.6, 6.8, 7.0, 6.8, 6.7, 7.0, 7.1, 7.2
0.85, 7.2, 6.9, 7.1, 7.0, 6.7, 6.6, 6.8, 6.8, 6.7, 7.1, 7.0, 7.2, 7.2, 7.0, 7.1, 7.1, 7.1, 6.9, 7.3, 7.2, 7.3, 7.2, 7.2, 7.1, 7.1, 7.1, 6.8, 6.9, 6.7, 6.8, 7.0, 6.8, 6.8, 7.0, 7.2, 7.2
0.86, 7.2, 6.9, 7.1, 7.0, 6.7, 6.6, 6.8, 6.8, 6.8, 7.1, 7.0, 7.2, 7.2, 7.0, 7.1, 7.1, 7.0, 6.9, 7.3, 7.2, 7.3, 7.2, 7.2, 7.1, 7.2, 7.1, 6.9, 7.0, 6.7, 6.8, 7.0, 6.9, 6.8, 7.0, 7.2, 7.1
0.88, 7.1, 6.9, 7.0, 7.0, 6.7, 6.6, 6.8, 6.9, 6.8, 7.1, 7.1, 7.2, 7.2, 7.0, 7.1, 7.0, 7.0, 6.9, 7.3, 7.2, 7.3, 7.2, 7.2, 7.1, 7.2, 7.1, 6.9, 7.0, 6.7, 6.8, 7.0, 6.9, 6.9, 7.0, 7.2, 7.1
0.89, 7.1, 6.9, 7.0, 7.0, 6.7, 6.7, 6.8, 6.9, 6.8, 7.1, 7.1, 7.3, 7.3, 7.0, 7.1, 7.0, 7.0, 6.9, 7.3, 7.2, 7.3, 7.2, 7.2, 7.1, 7.1, 7.1, 7.0, 7.0, 6.6, 6.9, 7.0, 6.9, 6.9, 7.0, 7.2, 7.1
0.90, 7.1, 6.9, 7.0, 7.0, 6.7, 6.7, 6.8, 6.9, 6.8, 7.1, 7.2, 7.3, 7.3, 7.1, 7.1, 7.0, 7.0, 6.9, 7.4, 7.2, 7.3, 7.3, 7.2, 7.1, 7.1, 7.1, 7.0, 7.0, 6.6, 6.9, 7.0, 7.0, 6.8, 7.0, 7.2, 7.1
0.91, 7.1, 6.9, 7.0, 7.0, 6.7, 6.7, 6.8, 6.9, 6.7, 7.1, 7.2, 7.3, 7.3, 7.1, 7.1, 7.1, 7.1, 6.9, 7.4, 7.2, 7.3, 7.3, 7.2, 7.1, 7.1, 7.2, 7.0, 7.0, 6.6, 6.9, 7.0, 7.0, 6.8, 7.0, 7.2, 7.0
0.92, 7.1, 6.9, 7.0, 7.0, 6.8, 6.7, 6.8, 6.9, 6.7, 7.2, 7.2, 7.3, 7.3, 7.1, 7.1, 7.1, 7.1, 6.9, 7.4, 7.2, 7.3, 7.3, 7.2, 7.2, 7.2, 7.2, 7.0, 7.0, 6.6, 6.9, 7.0, 6.9, 6.8, 7.0, 7.2, 7.0
0.93, 7.2, 6.9, 7.0, 7.0, 6.8, 6.7, 6.8, 6.8, 6.7, 7.2, 7.2, 7.3, 7.4, 7.1, 7.1, 7.1, 7.1, 6.9, 7.4, 7.2, 7.3, 7.3, 7.2, 7.2, 7.2, 7.2, 7.0, 7.1, 6.6, 6.9, 6.9, 6.9, 6.9, 7.0, 7.2, 7.0
0.94, 7.3, 6.9, 7.0, 7.0, 6.8, 6.7, 6.9, 6.8, 6.7, 7.3, 7.1, 7.3, 7.4, 7.1, 7.1, 7.2, 7.1, 6.9, 7.3, 7.2, 7.3, 7.3, 7.2, 7.2, 7.2, 7.2, 7.0, 7.1, 6.6, 6.9, 7.0, 6.9, 6.9, 7.1, 7.2, 7.1
0.94, 7.3, 6.9, 7.0, 7.0, 6.8, 6.8, 6.9, 6.9, 6.7, 7.3, 7.1, 7.4, 7.4, 7.1, 7.1, 7.2, 7.1, 6.9, 7.3, 7.2, 7.3, 7.3, 7.2, 7.2, 7.2, 7.3, 7.1, 7.1, 6.6, 6.9, 7.0, 6.9, 6.8, 7.1, 7.2, 7.1
0.95, 7.3, 6.9, 7.0, 7.0, 6.8, 6.8, 6.9, 6.9, 6.7, 7.3, 7.1, 7.4, 7.5, 7.2, 7.1, 7.2, 7.1, 6.9, 7.3, 7.2, 7.4, 7.3, 7.2, 7.3, 7.3, 7.3, 7.1, 7.1, 6.6, 6.9, 7.0, 6.9, 6.8, 7.1, 7.2, 7.0
0.96, 7.3, 6.9, 7.0, 7.0, 6.9, 6.8, 6.9, 6.9, 6.7, 7.2, 7.1, 7.4, 7.4, 7.2, 7.0, 7.2, 7.2, 7.0, 7.3, 7.2, 7.4, 7.3, 7.2, 7.3, 7.3, 7.3, 7.1, 7.1, 6.6, 6.9, 7.0, 6.9, 6.8, 7.2, 7.1, 7.0
0.97, 7.4, 6.9, 7.0, 7.0, 6.9, 6.8, 6.9, 7.0, 6.8, 7.2, 7.1, 7.4, 7.4, 7.2, 7.1, 7.2, 7.1, 7.0, 7.3, 7.2, 7.4, 7.3, 7.2, 7.2, 7.3, 7.3, 7.1, 7.1, 6.6, 6.9, 7.0, 6.9, 6.8, 7.2, 7.1, 7.0
0.98, 7.4, 6.9, 7.0, 7.0, 6.9, 6.8, 6.9, 7.0, 6.8, 7.2, 7.1, 7.5, 7.5, 7.2, 7.1, 7.2, 7.1, 7.0, 7.4, 7.2, 7.4, 7.4, 7.2, 7.2, 7.4, 7.4, 7.1, 7.1, 6.6, 6.9, 7.1, 7.0, 6.9, 7.2, 7.2, 7.1
0.99, 7.4, 6.9, 7.0, 7.0, 6.9, 6.9, 6.9, 7.0, 6.8, 7.2, 7.1, 7.5, 7.5, 7.3, 7.1, 7.2, 7.1, 7.1, 7.4, 7.2, 7.4, 7.4, 7.2, 7.2, 7.4, 7.4, 7.1, 7.1, 6.6, 6.9, 7.1, 7.0, 6.9, 7.2, 7.2, 7.1
1.00, 7.4, 6.9, 7.0, 7.0, 6.9, 6.9, 7.0, 7.0, 6.8, 7.2, 7.1, 7.5, 7.6, 7.3, 7.1, 7.2, 7.1, 7.1, 7.4, 7.2, 7.4, 7.4, 7.2, 7.2, 7.4, 7.4, 7.1, 7.1, 6.6, 6.9, 7.1, 7.0, 6.9, 7.2, 7.3, 7.1
1.02, 7.4, 7.0, 7.1, 7.1, 6.9, 6.8, 7.0, 7.0, 6.8, 7.3, 7.2, 7.5, 7.6, 7.3, 7.1, 7.3, 7.2, 7.1, 7.5, 7.2, 7.4, 7.4, 7.2, 7.3, 7.4, 7.4, 7.1, 7.2, 6.6, 6.9, 7.0, 7.0, 6.9, 7.2, 7.3, 7.1
1.02, 7.4, 7.0, 7.1, 7.1, 6.9, 6.8, 7.0, 7.1, 6.8, 7.3, 7.2, 7.5, 7.6, 7.3, 7.1, 7.3, 7.3, 7.1, 7.5, 7.3, 7.4, 7.4, 7.3, 7.3, 7.4, 7.4, 7.1, 7.2, 6.6, 6.9, 7.0, 7.0, 6.9, 7.3, 7.2, 7.1
1.04, 7.4, 7.0, 7.1, 7.1, 6.8, 6.8, 7.1, 7.0, 6.8, 7.3, 7.2, 7.6, 7.6, 7.3, 7.2, 7.3, 7.3, 7.1, 7.5, 7.3, 7.4, 7.3, 7.3, 7.3, 7.4, 7.4, 7.1, 7.3, 6.7, 7.0, 7.1, 7.0, 6.9, 7.3, 7.2, 7.1
1.04, 7.4, 7.0, 7.1, 7.2, 6.9, 6.8, 7.1, 7.0, 6.8, 7.3, 7.2, 7.6, 7.7, 7.4, 7.2, 7.3, 7.3, 7.1, 7.5, 7.2, 7.4, 7.3, 7.2, 7.3, 7.4, 7.4, 7.2, 7.3, 6.7, 7.0, 7.1, 7.0, 6.9, 7.3, 7.3, 7.2
1.06, 7.4, 7.0, 7.1, 7.2, 6.9, 6.8, 7.1, 7.1, 6.8, 7.3, 7.2, 7.6, 7.7, 7.4, 7.3, 7.2, 7.3, 7.2, 7.5, 7.2, 7.4, 7.3, 7.2, 7.3, 7.4, 7.4, 7.2, 7.2, 6.7, 7.0, 7.1, 7.0, 6.9, 7.2, 7.3, 7.1
1.06, 7.5, 7.0, 7.2, 7.2, 6.9, 6.8, 7.1, 7.1, 6.8, 7.3, 7.2, 7.6, 7.8, 7.4, 7.3, 7.2, 7.3, 7.2, 7.5, 7.2, 7.4, 7.3, 7.3, 7.3, 7.4, 7.5, 7.1, 7.2, 6.8, 7.0, 7.1, 6.9, 7.0, 7.3, 7.3, 7.1
1.08, 7.5, 7.0, 7.2, 7.1, 6.9, 6.8, 7.1, 7.1, 6.8, 7.3, 7.3, 7.6, 7.8, 7.4, 7.3, 7.2, 7.3, 7.2, 7.6, 7.1, 7.3, 7.3, 7.3, 7.2, 7.4, 7.5, 7.1, 7.3, 6.8, 7.0, 7.1, 6.9, 7.0, 7.3, 7.3, 7.1
1.08, 7.5, 7.0, 7.2, 7.1, 6.9, 6.8, 7.1, 7.1, 6.8, 7.4, 7.3, 7.7, 7.8, 7.4, 7.3, 7.2, 7.3, 7.2, 7.6, 7.1, 7.3, 7.4, 7.3, 7.2, 7.4, 7.4, 7.1, 7.3, 6.8, 7.0, 7.2, 6.9, 7.0, 7.4, 7.3, 7.2
1.10, 7.5, 7.1, 7.2, 7.1, 6.9, 6.9, 7.2, 7.1, 6.8, 7.4, 7.3, 7.7, 7.8, 7.3, 7.2, 7.3, 7.4, 7.2, 7.6, 7.1, 7.3, 7.4, 7.3, 7.2, 7.5, 7.4, 7.1, 7.4, 6.8, 7.0, 7.2, 7.0, 7.1, 7.4, 7.3, 7.2
1.10, 7.6, 7.1, 7.2, 7.1, 6.9, 6.9, 7.2, 7.1, 6.8, 7.3, 7.4, 7.7, 7.8, 7.3, 7.2, 7.3, 7.4, 7.2, 7.5, 7.1, 7.3, 7.4, 7.3, 7.2, 7.5, 7.4, 7.2, 7.4, 6.8, 7.1, 7.2, 7.1, 7.1, 7.4, 7.3, 7.2
1.12, 7.6, 7.1, 7.2, 7.1, 7.0, 7.0, 7.2, 7.1, 6.9, 7.3, 7.4, 7.8, 7.8, 7.3, 7.2, 7.3, 7.4, 7.1, 7.5, 7.1, 7.3, 7.4, 7.3, 7.2, 7.5, 7.5, 7.2, 7.4, 6.8, 7.1, 7.2, 7.1, 7.1, 7.4, 7.4, 7.2
1.12, 7.5, 7.0, 7.2, 7.1, 7.0, 7.0, 7.2, 7.1, 6.9, 7.3, 7.3, 7.8, 7.8, 7.3, 7.2, 7.3, 7.4, 7.0, 7.5, 7.1, 7.3, 7.4, 7.3, 7.2, 7.5, 7.5, 7.3, 7.3, 6.8, 7.2, 7.3, 7.1, 7.1, 7.4, 7.4, 7.2
1.13, 7.5, 7.0, 7.2, 7.2, 7.0, 7.0, 7.3, 7.1, 6.9, 7.3, 7.3, 7.8, 7.8, 7.3, 7.2, 7.4, 7.4, 7.0, 7.5, 7.1, 7.3, 7.4, 7.2, 7.2, 7.5, 7.5, 7.3, 7.4, 6.8, 7.1, 7.3, 7.2, 7.1, 7.4, 7.3, 7.1
1.15, 7.5, 7.0, 7.3, 7.2, 7.0, 7.0, 7.2, 7.2, 6.9, 7.3, 7.3, 7.8, 7.8, 7.3, 7.2, 7.4, 7.4, 7.1, 7.6, 7.1, 7.3, 7.4, 7.2, 7.3, 7.6, 7.5, 7.3, 7.3, 6.9, 7.2, 7.3, 7.2, 7.2, 7.4, 7.3, 7.1
1.15, 7.5, 7.0, 7.3, 7.2, 7.0, 7.0, 7.2, 7.2, 6.9, 7.4, 7.3, 7.8, 7.8, 7.4, 7.2, 7.4, 7.5, 7.1, 7.6, 7.1, 7.4, 7.4, 7.2, 7.3, 7.6, 7.5, 7.3, 7.3, 6.9, 7.2, 7.3, 7.1, 7.2, 7.4, 7.3, 7.1
1.17, 7.6, 7.0, 7.3, 7.3, 7.0, 7.0, 7.2, 7.2, 7.0, 7.4, 7.3, 7.8, 7.8, 7.4, 7.3, 7.4, 7.5, 7.1, 7.5, 7.1, 7.4, 7.4, 7.2, 7.3, 7.6, 7.6, 7.3, 7.4, 6.9, 7.2, 7.3, 7.1, 7.2, 7.5, 7.3, 7.1
1.17, 7.6, 7.1, 7.4, 7.2, 6.9, 7.0, 7.2, 7.3, 7.0, 7.4, 7.3, 7.8, 7.8, 7.5, 7.3, 7.5, 7.5, 7.1, 7.5, 7.1, 7.4, 7.4, 7.2, 7.2, 7.7, 7.6, 7.3, 7.4, 6.9, 7.2, 7.3, 7.1, 7.3, 7.5, 7.3, 7.1
1.19, 7.6, 7.1, 7.4, 7.2, 6.9, 7.0, 7.2, 7.3, 7.0, 7.4, 7.4, 7.8, 7.8, 7.5, 7.3, 7.5, 7.5, 7.2, 7.5, 7.1, 7.4, 7.4, 7.2, 7.2, 7.7, 7.6, 7.3, 7.5, 6.9, 7.2, 7.3, 7.1, 7.3, 7.5, 7.4, 7.1
1.19, 7.5, 7.1, 7.4, 7.2, 6.9, 7.0, 7.3, 7.3, 7.0, 7.4, 7.4, 7.8, 7.8, 7.5, 7.3, 7.4, 7.5, 7.2, 7.4, 7.1, 7.4, 7.4, 7.1, 7.2, 7.6, 7.6, 7.3, 7.5, 6.9, 7.3, 7.3, 7.1, 7.2, 7.5, 7.4, 7.2
1.21, 7.5, 7.1, 7.4, 7.2, 6.9, 7.0, 7.3, 7.3, 7.1, 7.4, 7.4, 7.8, 7.8, 7.5, 7.3, 7.5, 7.5, 7.2, 7.4, 7.1, 7.4, 7.4, 7.2, 7.2, 7.6, 7.6, 7.4, 7.5, 7.0, 7.3, 7.4, 7.1, 7.2, 7.5, 7.5, 7.2
1.21, 7.5, 7.1, 7.4, 7.2, 7.0, 6.9, 7.3, 7.3, 7.1, 7.5, 7.3, 7.8, 7.8, 7.5, 7.3, 7.5, 7.5, 7.1, 7.4, 7.1, 7.4, 7.4, 7.2, 7.2, 7.6, 7.7, 7.3, 7.5, 7.0, 7.3, 7.4, 7.2, 7.2, 7.5, 7.5, 7.2
1.23, 7.6, 7.1, 7.4, 7.2, 7.0, 6.9, 7.3, 7.3, 7.1, 7.5, 7.4, 7.8, 7.8, 7.5, 7.3, 7.4, 7.4, 7.1, 7.4, 7.1, 7.3, 7.4, 7.2, 7.2, 7.6, 7.7, 7.3, 7.5, 7.0, 7.3, 7.4, 7.1, 7.2, 7.5, 7.5, 7.2
1.23, 7.6, 7.1, 7.4, 7.3, 7.0, 6.9, 7.3, 7.3, 7.0, 7.5, 7.4, 7.9, 7.9, 7.5, 7.4, 7.4, 7.4, 7.2, 7.4, 7.1, 7.3, 7.4, 7.2, 7.3, 7.6, 7.7, 7.4, 7.6, 6.9, 7.3, 7.4, 7.1, 7.2, 7.5, 7.5, 7.2
1.25, 7.6, 7.1, 7.5, 7.3, 7.0, 7.0, 7.3, 7.3, 7.0, 7.6, 7.4, 7.9, 7.9, 7.5, 7.4, 7.4, 7.4, 7.2, 7.5, 7.1, 7.3, 7.4, 7.3, 7.3, 7.6, 7.7, 7.4, 7.6, 6.9, 7.4, 7.4, 7.1, 7.1, 7.5, 7.6, 7.2
1.25, 7.6, 7.1, 7.5, 7.3, 7.1, 7.0, 7.3, 7.2, 7.0, 7.6, 7.4, 7.9, 7.9, 7.5, 7.5, 7.5, 7.4, 7.1, 7.5, 7.1, 7.3, 7.4, 7.3, 7.3, 7.6, 7.8, 7.3, 7.6, 6.9, 7.3, 7.4, 7.1, 7.1, 7.5, 7.6, 7.2
1.27, 7.6, 7.2, 7.5, 7.4, 7.1, 7.0, 7.3, 7.2, 7.0, 7.5, 7.4, 7.9, 7.9, 7.5, 7.4, 7.5, 7.4, 7.1, 7.4, 7.1, 7.3, 7.3, 7.4, 7.3, 7.6, 7.8, 7.3, 7.6, 7.0, 7.3, 7.4, 7.0, 7.1, 7.5, 7.5, 7.2
1.27, 7.6, 7.2, 7.4, 7.4, 7.1, 7.0, 7.4, 7.2, 6.9, 7.5, 7.4, 7.9, 7.9, 7.6, 7.5, 7.5, 7.5, 7.1, 7.4, 7.2, 7.3, 7.3, 7.4, 7.3, 7.6, 7.7, 7.3, 7.6, 7.0, 7.3, 7.5, 7.1, 7.1, 7.5, 7.4, 7.2
1.29, 7.6, 7.2, 7.4, 7.4, 7.1, 7.0, 7.4, 7.2, 6.9, 7.6, 7.4, 7.9, 7.9, 7.6, 7.5, 7.5, 7.5, 7.1, 7.4, 7.2, 7.3, 7.3, 7.3, 7.3, 7.6, 7.7, 7.3, 7.6, 7.0, 7.4, 7.5, 7.2, 7.2, 7.5, 7.4, 7.2
1.29, 7.6, 7.3, 7.4, 7.3, 7.1, 7.0, 7.4, 7.2, 6.9, 7.5, 7.5, 7.9, 8.0, 7.6, 7.6, 7.5, 7.5, 7.1, 7.4, 7.2, 7.4, 7.4, 7.3, 7.3, 7.7, 7.7, 7.3, 7.6, 7.0, 7.4, 7.4, 7.2, 7.2, 7.5, 7.4, 7.2
1.31, 7.6, 7.2, 7.4, 7.3, 7.1, 7.0, 7.3, 7.2, 6.9, 7.5, 7.5, 7.9, 8.0, 7.6, 7.6, 7.6, 7.5, 7.1, 7.4, 7.1, 7.4, 7.4, 7.3, 7.3, 7.7, 7.7, 7.3, 7.6, 7.0, 7.5, 7.4, 7.3, 7.3, 7.5, 7.4, 7.1
1.31, 7.6, 7.1, 7.4, 7.3, 7.1, 7.0, 7.4, 7.3, 6.9, 7.5, 7.5, 7.9, 8.0, 7.7, 7.5, 7.6, 7.5, 7.1, 7.4, 7.1, 7.4, 7.4, 7.2, 7.3, 7.7, 7.7, 7.4, 7.6, 7.0, 7.5, 7.4, 7.3, 7.3, 7.4, 7.4, 7.1
1.33, 7.7, 7.1, 7.4, 7.4, 7.1, 7.0, 7.4, 7.3, 7.0, 7.6, 7.5, 7.9, 8.0, 7.7, 7.5, 7.6, 7.6, 7.1, 7.4, 7.1, 7.5, 7.4, 7.2, 7.3, 7.7, 7.7, 7.4, 7.5, 7.0, 7.5, 7.4, 7.3, 7.3, 7.5, 7.4, 7.1
1.33, 7.6, 7.0, 7.4, 7.4, 7.0, 7.0, 7.4, 7.3, 7.1, 7.6, 7.5, 7.9, 8.0, 7.7, 7.6, 7.6, 7.6, 7.1, 7.4, 7.1, 7.5, 7.4, 7.2, 7.3, 7.7, 7.7, 7.4, 7.6, 7.1, 7.5, 7.5, 7.3, 7.3, 7.5, 7.4, 7.1
1.35, 7.6, 7.0, 7.4, 7.5, 7.0, 7.0, 7.4, 7.3, 7.1, 7.6, 7.5, 8.0, 8.1, 7.6, 7.6, 7.6, 7.6, 7.1, 7.5, 7.1, 7.5, 7.5, 7.2, 7.3, 7.7, 7.7, 7.4, 7.6, 7.1, 7.5, 7.5, 7.3, 7.3, 7.5, 7.5, 7.2
1.35, 7.6, 7.0, 7.4, 7.5, 7.1, 7.1, 7.4, 7.3, 7.1, 7.6, 7.5, 8.0, 8.1, 7.6, 7.5, 7.6, 7.7, 7.2, 7.5, 7.1, 7.4, 7.5, 7.3, 7.3, 7.8, 7.7, 7.5, 7.6, 7.1, 7.5, 7.4, 7.3, 7.3, 7.5, 7.5, 7.2
1.37, 7.6, 7.1, 7.5, 7.5, 7.1, 7.1, 7.4, 7.3, 7.1, 7.6, 7.5, 8.1, 8.1, 7.7, 7.5, 7.7, 7.7, 7.2, 7.5, 7.2, 7.4, 7.5, 7.3, 7.3, 7.7, 7.7, 7.5, 7.7, 7.1, 7.5, 7.5, 7.3, 7.3, 7.6, 7.5, 7.2
1.38, 7.6, 7.2, 7.5, 7.4, 7.1, 7.1, 7.4, 7.3, 7.1, 7.6, 7.5, 8.1, 8.2, 7.7, 7.5, 7.7, 7.7, 7.3, 7.5, 7.1, 7.4, 7.5, 7.3, 7.4, 7.7, 7.7, 7.5, 7.7, 7.1, 7.5, 7.5, 7.3, 7.2, 7.6, 7.6, 7.2
1.38, 7.6, 7.2, 7.5, 7.4, 7.1, 7.1, 7.5, 7.3, 7.1, 7.6, 7.5, 8.1, 8.2, 7.8, 7.6, 7.7, 7.7, 7.2, 7.6, 7.1, 7.4, 7.6, 7.4, 7.3, 7.7, 7.8, 7.5, 7.7, 7.2, 7.5, 7.5, 7.4, 7.2, 7.6, 7.6, 7.3
1.40, 7.6, 7.3, 7.6, 7.5, 7.1, 7.1, 7.5, 7.3, 7.1, 7.6, 7.5, 8.1, 8.2, 7.7, 7.5, 7.7, 7.6, 7.2, 7.6, 7.1, 7.5, 7.5, 7.4, 7.3, 7.7, 7.8, 7.5, 7.7, 7.2, 7.5, 7.6, 7.4, 7.3, 7.5, 7.6, 7.3
1.40, 7.6, 7.4, 7.6, 7.5, 7.2, 7.1, 7.5, 7.4, 7.0, 7.6, 7.6, 8.1, 8.2, 7.7, 7.5, 7.7, 7.6, 7.3, 7.7, 7.1, 7.5, 7.5, 7.4, 7.3, 7.7, 7.8, 7.5, 7.7, 7.3, 7.6, 7.6, 7.4, 7.3, 7.5, 7.6, 7.3
1.42, 7.7, 7.4, 7.6, 7.5, 7.1, 7.1, 7.4, 7.4, 7.0, 7.6, 7.6, 8.1, 8.2, 7.7, 7.5, 7.6, 7.6, 7.3, 7.7, 7.1, 7.5, 7.5, 7.4, 7.3, 7.7, 7.8, 7.5, 7.8, 7.3, 7.6, 7.6, 7.4, 7.3, 7.5, 7.6, 7.3
1.42, 7.7, 7.3, 7.6, 7.5, 7.1, 7.2, 7.5, 7.4, 7.1, 7.6, 7.6, 8.1, 8.2, 7.7, 7.6, 7.6, 7.6, 7.3, 7.7, 7.1, 7.5, 7.6, 7.4, 7.3, 7.7, 7.9, 7.6, 7.8, 7.2, 7.6, 7.6, 7.3, 7.4, 7.5, 7.6, 7.2
1.44, 7.8, 7.3, 7.6, 7.5, 7.1, 7.2, 7.5, 7.3, 7.1, 7.7, 7.6, 8.1, 8.2, 7.8, 7.6, 7.6, 7.6, 7.2, 7.7, 7.1, 7.5, 7.6, 7.4, 7.3, 7.8, 7.9, 7.5, 7.8, 7.3, 7.7, 7.6, 7.3, 7.4, 7.5, 7.6, 7.2
1.44, 7.8, 7.3, 7.6, 7.5, 7.1, 7.2, 7.6, 7.4, 7.1, 7.7, 7.6, 8.1, 8.2, 7.8, 7.6, 7.7, 7.7, 7.2, 7.7, 7.1, 7.5, 7.6, 7.4, 7.3, 7.8, 7.9, 7.5, 7.8, 7.3, 7.6, 7.7, 7.3, 7.4, 7.5, 7.6, 7.3
1.46, 7.9, 7.3, 7.5, 7.5, 7.2, 7.2, 7.6, 7.4, 7.1, 7.7, 7.6, 8.1, 8.2, 7.8, 7.6, 7.7, 7.7, 7.2, 7.7, 7.1, 7.5, 7.5, 7.4, 7.3, 7.8, 7.9, 7.5, 7.8, 7.4, 7.6, 7.7, 7.4, 7.4, 7.5, 7.6, 7.3
1.46, 7.8, 7.3, 7.5, 7.5, 7.2, 7.2, 7.6, 7.5, 7.1, 7.7, 7.6, 8.2, 8.2, 7.8, 7.6, 7.7, 7.7, 7.2, 7.7, 7.2, 7.5, 7.5, 7.4, 7.3, 7.8, 7.9, 7.5, 7.8, 7.4, 7.7, 7.7, 7.4, 7.4, 7.5, 7.6, 7.3
1.48, 7.8, 7.3, 7.5, 7.6, 7.2, 7.2, 7.6, 7.5, 7.2, 7.8, 7.6, 8.2, 8.3, 7.8, 7.6, 7.7, 7.7, 7.2, 7.7, 7.2, 7.6, 7.6, 7.3, 7.3, 7.8, 7.9, 7.5, 7.8, 7.3, 7.7, 7.6, 7.4, 7.4, 7.5, 7.6, 7.3
1.48, 7.8, 7.3, 7.5, 7.6, 7.3, 7.2, 7.6, 7.5, 7.2, 7.8, 7.6, 8.3, 8.3, 7.8, 7.6, 7.7, 7.7, 7.2, 7.7, 7.2, 7.6, 7.6, 7.3, 7.4, 7.8, 7.9, 7.5, 7.8, 7.3, 7.8, 7.6, 7.5, 7.4, 7.6, 7.6, 7.3
1.50, 7.8, 7.2, 7.6, 7.6, 7.4, 7.2, 7.6, 7.6, 7.3, 7.7, 7.7, 8.3, 8.3, 7.8, 7.6, 7.7, 7.7, 7.3, 7.7, 7.1, 7.6, 7.6, 7.3, 7.4, 7.8, 7.9, 7.5, 7.8, 7.3, 7.7, 7.7, 7.4, 7.4, 7.6, 7.6, 7.3
1.50, 7.8, 7.2, 7.6, 7.6, 7.4, 7.2, 7.6, 7.6, 7.2, 7.7, 7.8, 8.4, 8.3, 7.8, 7.5, 7.7, 7.7, 7.4, 7.7, 7.2, 7.6, 7.6, 7.3, 7.4, 7.8, 7.9, 7.5, 7.9, 7.3, 7.7, 7.7, 7.3, 7.4, 7.7, 7.6, 7.2
1.52, 7.8, 7.2, 7.7, 7.7, 7.5, 7.3, 7.7, 7.6, 7.2, 7.8, 7.8, 8.4, 8.3, 7.8, 7.5, 7.7, 7.8, 7.4, 7.7, 7.2, 7.6, 7.6, 7.4, 7.4, 7.8, 7.9, 7.5, 7.9, 7.3, 7.8, 7.7, 7.3, 7.5, 7.7, 7.6, 7.2
1.52, 7.9, 7.2, 7.7, 7.7, 7.5, 7.3, 7.6, 7.6, 7.3, 7.9, 7.7, 8.3, 8.3, 7.7, 7.5, 7.8, 7.8, 7.4, 7.8, 7.2, 7.6, 7.6, 7.4, 7.5, 7.8, 7.9, 7.4, 7.8, 7.3, 7.8, 7.7, 7.3, 7.5, 7.7, 7.6, 7.3
1.54, 7.9, 7.2, 7.7, 7.7, 7.5, 7.3, 7.6, 7.6, 7.3, 8.0, 7.7, 8.3, 8.3, 7.7, 7.5, 7.8, 7.9, 7.3, 7.7, 7.2, 7.6, 7.6, 7.4, 7.4, 7.9, 7.9, 7.4, 7.8, 7.3, 7.7, 7.7, 7.3, 7.5, 7.7, 7.7, 7.3
1.54, 7.9, 7.2, 7.7, 7.6, 7.4, 7.4, 7.7, 7.7, 7.2, 8.0, 7.6, 8.3, 8.3, 7.7, 7.6, 7.8, 7.8, 7.3, 7.7, 7.1, 7.6, 7.6, 7.5, 7.4, 7.9, 7.9, 7.4, 7.8, 7.3, 7.7, 7.8, 7.4, 7.5, 7.7, 7.7, 7.3
1.56, 7.9, 7.2, 7.7, 7.6, 7.4, 7.4, 7.7, 7.7, 7.3, 8.0, 7.7, 8.3, 8.3, 7.7, 7.6, 7.8, 7.8, 7.3, 7.8, 7.2, 7.6, 7.6, 7.5, 7.5, 7.9, 8.0, 7.4, 7.9, 7.3, 7.7, 7.8, 7.5, 7.5, 7.7, 7.7, 7.3
1.56, 7.9, 7.3, 7.7, 7.6, 7.4, 7.4, 7.7, 7.8, 7.3, 8.0, 7.7, 8.3, 8.2, 7.8, 7.6, 7.9, 7.8, 7.2, 7.8, 7.2, 7.6, 7.7, 7.5, 7.5, 7.8, 8.0, 7.5, 8.0, 7.4, 7.7, 7.8, 7.5, 7.5, 7.8, 7.6, 7.3
1.58, 8.0, 7.3, 7.7, 7.6, 7.4, 7.5, 7.7, 7.8, 7.3, 8.0, 7.7, 8.3, 8.2, 7.8, 7.6, 8.0, 7.8, 7.2, 7.9, 7.2, 7.6, 7.7, 7.5, 7.5, 7.8, 8.0, 7.6, 8.0, 7.5, 7.8, 7.7, 7.5, 7.5, 7.8, 7.6, 7.4
1.58, 7.9, 7.4, 7.7, 7.6, 7.5, 7.5, 7.7, 7.8, 7.3, 7.9, 7.7, 8.3, 8.3, 7.8, 7.6, 8.0, 7.8, 7.2, 7.9, 7.2, 7.6, 7.7, 7.4, 7.5, 7.8, 8.0, 7.7, 8.0, 7.5, 7.8, 7.7, 7.6, 7.5, 7.7, 7.6, 7.4
1.60, 7.9, 7.4, 7.7, 7.6, 7.5, 7.5, 7.8, 7.9, 7.4, 7.9, 7.7, 8.3, 8.3, 7.8, 7.6, 8.0, 7.8, 7.2, 7.9, 7.2, 7.6, 7.7, 7.4, 7.5, 7.9, 8.1, 7.7, 7.9, 7.5, 7.9, 7.8, 7.6, 7.5, 7.7, 7.7, 7.4
1.60, 7.9, 7.3, 7.7, 7.7, 7.5, 7.5, 7.8, 7.9, 7.5, 7.9, 7.8, 8.3, 8.3, 7.9, 7.7, 8.0, 7.8, 7.3, 7.9, 7.3, 7.6, 7.7, 7.3, 7.5, 7.9, 8.1, 7.7, 7.9, 7.5, 8.0, 7.8, 7.6, 7.4, 7.7, 7.7, 7.4
1.62, 7.9, 7.4, 7.7, 7.7, 7.5, 7.5, 7.9, 7.9, 7.5, 7.9, 7.8, 8.3, 8.3, 7.9, 7.7, 7.9, 7.8, 7.3, 8.0, 7.3, 7.6, 7.7, 7.3, 7.5, 8.0, 8.1, 7.8, 8.0, 7.5, 8.0, 7.8, 7.6, 7.4, 7.7, 7.7, 7.4
1.62, 7.9, 7.4, 7.8, 7.8, 7.5, 7.5, 7.9, 7.9, 7.5, 8.0, 7.7, 8.3, 8.3, 7.9, 7.7, 7.9, 7.9, 7.3, 8.0, 7.3, 7.6, 7.7, 7.4, 7.5, 8.0, 8.1, 7.8, 8.0, 7.5, 8.0, 7.8, 7.6, 7.5, 7.7, 7.7, 7.4
1.63, 7.9, 7.4, 7.8, 7.8, 7.5, 7.5, 7.9, 7.8, 7.5, 8.1, 7.7, 8.3, 8.3, 7.9, 7.7, 7.9, 7.9, 7.3, 8.0, 7.2, 7.6, 7.7, 7.4, 7.4, 7.9, 8.1, 7.8, 8.0, 7.5, 8.0, 7.9, 7.6, 7.5, 7.7, 7.7, 7.4
1.65, 7.9, 7.4, 7.9, 7.9, 7.5, 7.4, 8.0, 7.8, 7.5, 8.1, 7.8, 8.2, 8.4, 7.9, 7.7, 7.9, 7.9, 7.3, 8.0, 7.1, 7.6, 7.7, 7.4, 7.4, 8.0, 8.1, 7.8, 8.0, 7.5, 8.0, 7.9, 7.6, 7.5, 7.8, 7.7, 7.4
1.65, 8.0, 7.4, 7.9, 7.9, 7.5, 7.4, 8.0, 7.9, 7.5, 8.2, 7.8, 8.2, 8.4, 7.9, 7.7, 7.9, 7.9, 7.4, 8.0, 7.1, 7.7, 7.7, 7.5, 7.4, 8.0, 8.1, 7.7, 8.0, 7.6, 8.0, 7.9, 7.6, 7.5, 7.8, 7.7, 7.4
1.67, 8.0, 7.5, 7.9, 7.9, 7.5, 7.4, 7.9, 7.9, 7.5, 8.2, 7.8, 8.2, 8.4, 7.9, 7.7, 7.9, 7.9, 7.4, 8.0, 7.2, 7.7, 7.7, 7.5, 7.4, 8.0, 8.1, 7.8, 8.0, 7.6, 8.0, 8.0, 7.6, 7.5, 7.8, 7.7, 7.4
1.67, 8.1, 7.5, 7.9, 7.8, 7.4, 7.4, 7.9, 7.9, 7.5, 8.2, 7.8, 8.3, 8.4, 7.9, 7.7, 7.9, 8.0, 7.4, 8.0, 7.2, 7.8, 7.7, 7.5, 7.5, 8.0, 8.1, 7.8, 8.1, 7.6, 8.0, 8.0, 7.7, 7.5, 7.8, 7.7, 7.4
1.69, 8.1, 7.5, 7.9, 7.8, 7.5, 7.5, 7.9, 7.9, 7.5, 8.2, 7.9, 8.3, 8.4, 7.9, 7.7, 8.0, 8.0, 7.4, 8.0, 7.3, 7.8, 7.7, 7.5, 7.5, 8.0, 8.2, 7.8, 8.1, 7.6, 8.1, 8.0, 7.7, 7.5, 7.8, 7.7, 7.4
1.69, 8.0, 7.4, 7.9, 7.8, 7.5, 7.5, 7.8, 7.9, 7.6, 8.2, 7.9, 8.4, 8.3, 7.9, 7.7, 8.0, 8.0, 7.4, 8.0, 7.3, 7.8, 7.8, 7.5, 7.5, 8.0, 8.2, 7.8, 8.1, 7.6, 8.0, 8.0, 7.7, 7.5, 7.8, 7.8, 7.3
1.71, 8.0, 7.4, 7.8, 7.8, 7.6, 7.5, 7.9, 7.9, 7.6, 8.3, 7.9, 8.4, 8.3, 7.9, 7.7, 8.0, 8.0, 7.4, 7.9, 7.3, 7.8, 7.8, 7.5, 7.6, 8.1, 8.2, 7.8, 8.2, 7.6, 8.1, 8.1, 7.6, 7.5, 7.9, 7.8, 7.3
1.71, 7.9, 7.5, 7.8, 7.9, 7.6, 7.5, 7.9, 8.0, 7.6, 8.3, 7.9, 8.4, 8.4, 7.9, 7.8, 8.0, 8.0, 7.4, 7.9, 7.3, 7.8, 7.8, 7.6, 7.6, 8.1, 8.3, 7.8, 8.2, 7.6, 8.1, 8.1, 7.6, 7.6, 7.8, 7.8, 7.3
1.73, 7.9, 7.5, 7.9, 7.9, 7.6, 7.6, 7.9, 8.0, 7.6, 8.3, 7.9, 8.3, 8.4, 7.9, 7.7, 8.1, 8.1, 7.4, 7.9, 7.3, 7.8, 7.8, 7.6, 7.7, 8.2, 8.3, 7.8, 8.3, 7.7, 8.1, 8.1, 7.5, 7.6, 7.9, 7.9, 7.3
1.73, 8.0, 7.5, 7.9, 7.9, 7.5, 7.6, 8.0, 8.0, 7.6, 8.3, 7.9, 8.3, 8.4, 8.0, 7.8, 8.1, 8.1, 7.5, 8.0, 7.4, 7.8, 7.8, 7.6, 7.8, 8.2, 8.4, 7.8, 8.3, 7.7, 8.1, 8.1, 7.5, 7.6, 7.9, 7.9, 7.3
1.75, 8.0, 7.5, 7.9, 7.9, 7.6, 7.6, 8.0, 8.1, 7.6, 8.3, 7.8, 8.3, 8.4, 8.0, 7.8, 8.2, 8.1, 7.6, 8.0, 7.4, 7.9, 7.8, 7.6, 7.8, 8.3, 8.4, 7.8, 8.4, 7.7, 8.1, 8.2, 7.6, 7.6, 7.9, 8.0, 7.4
1.75, 8.1, 7.5, 7.9, 7.9, 7.7, 7.6, 8.1, 8.1, 7.7, 8.3, 7.8, 8.4, 8.3, 8.1, 7.9, 8.2, 8.2, 7.6, 8.1, 7.4, 7.9, 7.9, 7.7, 7.9, 8.3, 8.5, 7.8, 8.4, 7.7, 8.1, 8.1, 7.6, 7.6, 7.9, 8.0, 7.5
1.77, 8.1, 7.5, 7.9, 7.9, 7.7, 7.7, 8.1, 8.1, 7.7, 8.2, 7.8, 8.5, 8.4, 8.2, 7.9, 8.3, 8.2, 7.7, 8.2, 7.5, 8.0, 8.0, 7.8, 7.9, 8.4, 8.5, 7.8, 8.4, 7.7, 8.2, 8.1, 7.7, 7.6, 7.9, 8.0, 7.5
1.77, 8.1, 7.5, 8.0, 7.9, 7.7, 7.7, 8.1, 8.1, 7.7, 8.3, 7.9, 8.5, 8.4, 8.2, 7.9, 8.3, 8.3, 7.8, 8.2, 7.6, 8.1, 8.0, 7.8, 8.0, 8.5, 8.6, 7.9, 8.4, 7.8, 8.2, 8.2, 7.7, 7.5, 8.0, 8.1, 7.6
1.79, 8.3, 7.6, 8.1, 8.0, 7.7, 7.8, 8.2, 8.2, 7.8, 8.3, 7.9, 8.6, 8.5, 8.2, 8.0, 8.4, 8.4, 7.9, 8.4, 7.7, 8.2, 8.2, 7.9, 8.1, 8.6, 8.6, 8.0, 8.3, 8.0, 8.3, 8.2, 7.8, 7.6, 8.1, 8.1, 7.7
1.79, 8.5, 7.8, 8.2, 8.1, 7.8, 7.9, 8.2, 8.2, 7.8, 8.4, 7.9, 8.7, 8.6, 8.3, 8.1, 8.6, 8.6, 8.1, 8.6, 8.0, 8.4, 8.4, 8.1, 8.3, 8.7, 8.7, 8.1, 8.4, 8.1, 8.4, 8.3, 7.8, 7.6, 8.2, 8.3, 7.9
1.80, 0.0, 0.0, 0.0, 0.0, 0.0, 0.0, 0.0, 0.0, 0.0, 0.0, 0.0, 0.0, 0.0, 0.0, 0.0, 0.0, 0.0, 0.0, 0.0, 0.0, 0.0, 0.0, 0.0, 0.0, 0.0, 0.0, 0.0, 0.0, 0.0, 0.0, 0.0, 0.0, 0.0, 0.0, 0.0, 0.0
